act, pos72, pos193, pos258, pos271, pos273
2.827685389,1, 1, 1, 1, 1
2.994230489,1, 1, 1, 1, 1
3.152514068,1, 1, 1, 1, 1
0.047627163,-1, 1, 1, 1, 1
0.04084819,-1, 1, 1, 1, 1
0.036922586,-1, 1, 1, 1, 1
0.074741543,1, -1, 1, 1, 1
0.086193811,1, -1, 1, 1, 1
0.081701766,1, -1, 1, 1, 1
0.412971603,1, 1, -1, 1, 1
0.379168677,1, 1, -1, 1, 1
0.385645903,1, 1, -1, 1, 1
0.676633703,1, 1, 1, -1, 1
0.707573979,1, 1, 1, -1, 1
0.624708382,1, 1, 1, -1, 1
0.012881252,1, 1, 1, 1, -1
0.009581593,1, 1, 1, 1, -1
0.011944556,1, 1, 1, 1, -1
0.022431691,-1, -1, 1, 1, 1
0.027317583,-1, -1, 1, 1, 1
0.021030604,-1, -1, 1, 1, 1
0.002665298,-1, 1, -1, 1, 1
0.002527972,-1, 1, -1, 1, 1
0.002704325,-1, 1, -1, 1, 1
0.055747992,-1, 1, 1, -1, 1
0.047538036,-1, 1, 1, -1, 1
0.067231135,-1, 1, 1, -1, 1
0.0160991,-1, 1, 1, 1, -1
0.02061552,-1, 1, 1, 1, -1
0.019107417,-1, 1, 1, 1, -1
0.006708862,1, -1, -1, 1, 1
0.006797952,1, -1, -1, 1, 1
0.008374683,1, -1, -1, 1, 1
0.016505707,1, -1, 1, -1, 1
0.01725739,1, -1, 1, -1, 1
0.016403852,1, -1, 1, -1, 1
0.003829774,1, -1, 1, 1, -1
0.004546777,1, -1, 1, 1, -1
0.004286969,1, -1, 1, 1, -1
0.54010601,1, 1, -1, -1, 1
0.530777278,1, 1, -1, -1, 1
0.495539925,1, 1, -1, -1, 1
0.004449051,1, 1, -1, 1, -1
0.00561272,1, 1, -1, 1, -1
0.004643845,1, 1, -1, 1, -1
0.056561441,1, 1, 1, -1, -1
0.056725394,1, 1, 1, -1, -1
0.044442089,1, 1, 1, -1, -1
0.002033182,-1, -1, -1, 1, 1
0.002359694,-1, -1, -1, 1, 1
0.002506061,-1, -1, -1, 1, 1
0.037330029,-1, -1, 1, -1, 1
0.023810229,-1, -1, 1, -1, 1
0.034262923,-1, -1, 1, -1, 1
0.012190797,-1, -1, 1, 1, -1
0.010240487,-1, -1, 1, 1, -1
0.012566292,-1, -1, 1, 1, -1
0.02865712,-1, 1, -1, -1, 1
0.03607406,-1, 1, -1, -1, 1
0.029160711,-1, 1, -1, -1, 1
0.001376177,-1, 1, -1, 1, -1
0.00135309,-1, 1, -1, 1, -1
0.001213377,-1, 1, -1, 1, -1
0.043770806,-1, 1, 1, -1, -1
0.052025188,-1, 1, 1, -1, -1
0.061826408,-1, 1, 1, -1, -1
0.018335265,1, -1, -1, -1, 1
0.019389016,1, -1, -1, -1, 1
0.012726129,1, -1, -1, -1, 1
0.001740933,1, -1, -1, 1, -1
0.001655241,1, -1, -1, 1, -1
0.001180934,1, -1, -1, 1, -1
0.040055149,1, -1, 1, -1, -1
0.040608491,1, -1, 1, -1, -1
0.043405008,1, -1, 1, -1, -1
0.054093328,1, 1, -1, -1, -1
0.041090606,1, 1, -1, -1, -1
0.045796509,1, 1, -1, -1, -1
0.017609267,-1, -1, -1, -1, 1
0.013685834,-1, -1, -1, -1, 1
0.014488493,-1, -1, -1, -1, 1
0.000682312,-1, -1, -1, 1, -1
0.000443303,-1, -1, -1, 1, -1
0.000475916,-1, -1, -1, 1, -1
0.037263643,-1, -1, 1, -1, -1
0.027970134,-1, -1, 1, -1, -1
0.031697561,-1, -1, 1, -1, -1
0.004873773,-1, 1, -1, -1, -1
0.007167744,-1, 1, -1, -1, -1
0.006295552,-1, 1, -1, -1, -1
0.022756893,1, -1, -1, -1, -1
0.032166252,1, -1, -1, -1, -1
0.028844678,1, -1, -1, -1, -1
0.002903722,-1, -1, -1, -1, -1
0.003574392,-1, -1, -1, -1, -1
0.003340115,-1, -1, -1, -1, -1
